batter,pitcher,game_pk,at_bat_number,pitch_number,game_date,game_type,home_team,away_team,events,description,type,launch_speed,launch_angle,woba_value,woba_denom,level,data_kind
9000001,9999999,9000001,1,1,2023-04-01,R,DEMO_HOME,DEMO_AWAY,,ball,S,,,,,AAA,synthetic
9000001,9999999,9000001,1,2,2023-04-01,R,DEMO_HOME,DEMO_AWAY,,ball,S,,,,,AAA,synthetic
9000001,9999999,9000001,1,3,2023-04-01,R,DEMO_HOME,DEMO_AWAY,,ball,S,,,,,AAA,synthetic
9000001,9999999,9000001,1,4,2023-04-01,R,DEMO_HOME,DEMO_AWAY,strikeout,swinging_strike,S,,,0.0,1.0,AAA,synthetic
9000001,9999999,9000001,2,1,2023-04-01,R,DEMO_HOME,DEMO_AWAY,,ball,B,,,,,AAA,synthetic
9000001,9999999,9000001,2,2,2023-04-01,R,DEMO_HOME,DEMO_AWAY,,ball,B,,,,,AAA,synthetic
9000001,9999999,9000001,2,3,2023-04-01,R,DEMO_HOME,DEMO_AWAY,,ball,B,,,,,AAA,synthetic
9000001,9999999,9000001,2,4,2023-04-01,R,DEMO_HOME,DEMO_AWAY,walk,ball,B,,,0.69,1.0,AAA,synthetic
9000001,9999999,9000001,3,1,2023-04-01,R,DEMO_HOME,DEMO_AWAY,,ball,B,,,,,AAA,synthetic
9000001,9999999,9000001,3,2,2023-04-01,R,DEMO_HOME,DEMO_AWAY,,ball,B,,,,,AAA,synthetic
9000001,9999999,9000001,3,3,2023-04-01,R,DEMO_HOME,DEMO_AWAY,,ball,B,,,,,AAA,synthetic
9000001,9999999,9000001,3,4,2023-04-01,R,DEMO_HOME,DEMO_AWAY,single,hit_into_play,X,99.0,15.0,0.88,1.0,AAA,synthetic
9000002,9999999,9000002,1,1,2023-04-01,R,DEMO_HOME,DEMO_AWAY,,ball,S,,,,,AAA,synthetic
9000002,9999999,9000002,1,2,2023-04-01,R,DEMO_HOME,DEMO_AWAY,,ball,S,,,,,AAA,synthetic
9000002,9999999,9000002,1,3,2023-04-01,R,DEMO_HOME,DEMO_AWAY,,ball,S,,,,,AAA,synthetic
9000002,9999999,9000002,1,4,2023-04-01,R,DEMO_HOME,DEMO_AWAY,strikeout,swinging_strike,S,,,0.0,1.0,AAA,synthetic
9000002,9999999,9000002,2,1,2023-04-01,R,DEMO_HOME,DEMO_AWAY,,ball,B,,,,,AAA,synthetic
9000002,9999999,9000002,2,2,2023-04-01,R,DEMO_HOME,DEMO_AWAY,,ball,B,,,,,AAA,synthetic
9000002,9999999,9000002,2,3,2023-04-01,R,DEMO_HOME,DEMO_AWAY,,ball,B,,,,,AAA,synthetic
9000002,9999999,9000002,2,4,2023-04-01,R,DEMO_HOME,DEMO_AWAY,walk,ball,B,,,0.69,1.0,AAA,synthetic
9000002,9999999,9000002,3,1,2023-04-01,R,DEMO_HOME,DEMO_AWAY,,ball,B,,,,,AAA,synthetic
9000002,9999999,9000002,3,2,2023-04-01,R,DEMO_HOME,DEMO_AWAY,,ball,B,,,,,AAA,synthetic
9000002,9999999,9000002,3,3,2023-04-01,R,DEMO_HOME,DEMO_AWAY,,ball,B,,,,,AAA,synthetic
9000002,9999999,9000002,3,4,2023-04-01,R,DEMO_HOME,DEMO_AWAY,single,hit_into_play,X,99.0,15.0,0.88,1.0,AAA,synthetic
9000003,9999999,9000003,1,1,2023-04-01,R,DEMO_HOME,DEMO_AWAY,,ball,S,,,,,AAA,synthetic
9000003,9999999,9000003,1,2,2023-04-01,R,DEMO_HOME,DEMO_AWAY,,ball,S,,,,,AAA,synthetic
9000003,9999999,9000003,1,3,2023-04-01,R,DEMO_HOME,DEMO_AWAY,,ball,S,,,,,AAA,synthetic
9000003,9999999,9000003,1,4,2023-04-01,R,DEMO_HOME,DEMO_AWAY,strikeout,swinging_strike,S,,,0.0,1.0,AAA,synthetic
9000003,9999999,9000003,2,1,2023-04-01,R,DEMO_HOME,DEMO_AWAY,,ball,B,,,,,AAA,synthetic
9000003,9999999,9000003,2,2,2023-04-01,R,DEMO_HOME,DEMO_AWAY,,ball,B,,,,,AAA,synthetic
9000003,9999999,9000003,2,3,2023-04-01,R,DEMO_HOME,DEMO_AWAY,,ball,B,,,,,AAA,synthetic
9000003,9999999,9000003,2,4,2023-04-01,R,DEMO_HOME,DEMO_AWAY,walk,ball,B,,,0.69,1.0,AAA,synthetic
9000003,9999999,9000003,3,1,2023-04-01,R,DEMO_HOME,DEMO_AWAY,,ball,B,,,,,AAA,synthetic
9000003,9999999,9000003,3,2,2023-04-01,R,DEMO_HOME,DEMO_AWAY,,ball,B,,,,,AAA,synthetic
9000003,9999999,9000003,3,3,2023-04-01,R,DEMO_HOME,DEMO_AWAY,,ball,B,,,,,AAA,synthetic
9000003,9999999,9000003,3,4,2023-04-01,R,DEMO_HOME,DEMO_AWAY,single,hit_into_play,X,99.0,15.0,0.88,1.0,AAA,synthetic
9000004,9999999,9000004,1,1,2023-04-01,R,DEMO_HOME,DEMO_AWAY,,ball,S,,,,,AAA,synthetic
9000004,9999999,9000004,1,2,2023-04-01,R,DEMO_HOME,DEMO_AWAY,,ball,S,,,,,AAA,synthetic
9000004,9999999,9000004,1,3,2023-04-01,R,DEMO_HOME,DEMO_AWAY,,ball,S,,,,,AAA,synthetic
9000004,9999999,9000004,1,4,2023-04-01,R,DEMO_HOME,DEMO_AWAY,strikeout,swinging_strike,S,,,0.0,1.0,AAA,synthetic
9000004,9999999,9000004,2,1,2023-04-01,R,DEMO_HOME,DEMO_AWAY,,ball,B,,,,,AAA,synthetic
9000004,9999999,9000004,2,2,2023-04-01,R,DEMO_HOME,DEMO_AWAY,,ball,B,,,,,AAA,synthetic
9000004,9999999,9000004,2,3,2023-04-01,R,DEMO_HOME,DEMO_AWAY,,ball,B,,,,,AAA,synthetic
9000004,9999999,9000004,2,4,2023-04-01,R,DEMO_HOME,DEMO_AWAY,walk,ball,B,,,0.69,1.0,AAA,synthetic
9000004,9999999,9000004,3,1,2023-04-01,R,DEMO_HOME,DEMO_AWAY,,ball,B,,,,,AAA,synthetic
9000004,9999999,9000004,3,2,2023-04-01,R,DEMO_HOME,DEMO_AWAY,,ball,B,,,,,AAA,synthetic
9000004,9999999,9000004,3,3,2023-04-01,R,DEMO_HOME,DEMO_AWAY,,ball,B,,,,,AAA,synthetic
9000004,9999999,9000004,3,4,2023-04-01,R,DEMO_HOME,DEMO_AWAY,single,hit_into_play,X,99.0,15.0,0.88,1.0,AAA,synthetic
9000011,9999999,9000011,1,1,2024-04-01,R,DEMO_HOME,DEMO_AWAY,,ball,S,,,,,AAA,synthetic
9000011,9999999,9000011,1,2,2024-04-01,R,DEMO_HOME,DEMO_AWAY,,ball,S,,,,,AAA,synthetic
9000011,9999999,9000011,1,3,2024-04-01,R,DEMO_HOME,DEMO_AWAY,,ball,S,,,,,AAA,synthetic
9000011,9999999,9000011,1,4,2024-04-01,R,DEMO_HOME,DEMO_AWAY,strikeout,swinging_strike,S,,,0.0,1.0,AAA,synthetic
9000011,9999999,9000011,2,1,2024-04-01,R,DEMO_HOME,DEMO_AWAY,,ball,B,,,,,AAA,synthetic
9000011,9999999,9000011,2,2,2024-04-01,R,DEMO_HOME,DEMO_AWAY,,ball,B,,,,,AAA,synthetic
9000011,9999999,9000011,2,3,2024-04-01,R,DEMO_HOME,DEMO_AWAY,,ball,B,,,,,AAA,synthetic
9000011,9999999,9000011,2,4,2024-04-01,R,DEMO_HOME,DEMO_AWAY,walk,ball,B,,,0.69,1.0,AAA,synthetic
9000011,9999999,9000011,3,1,2024-04-01,R,DEMO_HOME,DEMO_AWAY,,ball,B,,,,,AAA,synthetic
9000011,9999999,9000011,3,2,2024-04-01,R,DEMO_HOME,DEMO_AWAY,,ball,B,,,,,AAA,synthetic
9000011,9999999,9000011,3,3,2024-04-01,R,DEMO_HOME,DEMO_AWAY,,ball,B,,,,,AAA,synthetic
9000011,9999999,9000011,3,4,2024-04-01,R,DEMO_HOME,DEMO_AWAY,single,hit_into_play,X,99.0,15.0,0.88,1.0,AAA,synthetic
9000012,9999999,9000012,1,1,2024-04-01,R,DEMO_HOME,DEMO_AWAY,,ball,S,,,,,AAA,synthetic
9000012,9999999,9000012,1,2,2024-04-01,R,DEMO_HOME,DEMO_AWAY,,ball,S,,,,,AAA,synthetic
9000012,9999999,9000012,1,3,2024-04-01,R,DEMO_HOME,DEMO_AWAY,,ball,S,,,,,AAA,synthetic
9000012,9999999,9000012,1,4,2024-04-01,R,DEMO_HOME,DEMO_AWAY,strikeout,swinging_strike,S,,,0.0,1.0,AAA,synthetic
9000012,9999999,9000012,2,1,2024-04-01,R,DEMO_HOME,DEMO_AWAY,,ball,B,,,,,AAA,synthetic
9000012,9999999,9000012,2,2,2024-04-01,R,DEMO_HOME,DEMO_AWAY,,ball,B,,,,,AAA,synthetic
9000012,9999999,9000012,2,3,2024-04-01,R,DEMO_HOME,DEMO_AWAY,,ball,B,,,,,AAA,synthetic
9000012,9999999,9000012,2,4,2024-04-01,R,DEMO_HOME,DEMO_AWAY,walk,ball,B,,,0.69,1.0,AAA,synthetic
9000012,9999999,9000012,3,1,2024-04-01,R,DEMO_HOME,DEMO_AWAY,,ball,B,,,,,AAA,synthetic
9000012,9999999,9000012,3,2,2024-04-01,R,DEMO_HOME,DEMO_AWAY,,ball,B,,,,,AAA,synthetic
9000012,9999999,9000012,3,3,2024-04-01,R,DEMO_HOME,DEMO_AWAY,,ball,B,,,,,AAA,synthetic
9000012,9999999,9000012,3,4,2024-04-01,R,DEMO_HOME,DEMO_AWAY,single,hit_into_play,X,99.0,15.0,0.88,1.0,AAA,synthetic
9000013,9999999,9000013,1,1,2024-04-01,R,DEMO_HOME,DEMO_AWAY,,ball,S,,,,,AAA,synthetic
9000013,9999999,9000013,1,2,2024-04-01,R,DEMO_HOME,DEMO_AWAY,,ball,S,,,,,AAA,synthetic
9000013,9999999,9000013,1,3,2024-04-01,R,DEMO_HOME,DEMO_AWAY,,ball,S,,,,,AAA,synthetic
9000013,9999999,9000013,1,4,2024-04-01,R,DEMO_HOME,DEMO_AWAY,strikeout,swinging_strike,S,,,0.0,1.0,AAA,synthetic
9000013,9999999,9000013,2,1,2024-04-01,R,DEMO_HOME,DEMO_AWAY,,ball,B,,,,,AAA,synthetic
9000013,9999999,9000013,2,2,2024-04-01,R,DEMO_HOME,DEMO_AWAY,,ball,B,,,,,AAA,synthetic
9000013,9999999,9000013,2,3,2024-04-01,R,DEMO_HOME,DEMO_AWAY,,ball,B,,,,,AAA,synthetic
9000013,9999999,9000013,2,4,2024-04-01,R,DEMO_HOME,DEMO_AWAY,walk,ball,B,,,0.69,1.0,AAA,synthetic
9000013,9999999,9000013,3,1,2024-04-01,R,DEMO_HOME,DEMO_AWAY,,ball,B,,,,,AAA,synthetic
9000013,9999999,9000013,3,2,2024-04-01,R,DEMO_HOME,DEMO_AWAY,,ball,B,,,,,AAA,synthetic
9000013,9999999,9000013,3,3,2024-04-01,R,DEMO_HOME,DEMO_AWAY,,ball,B,,,,,AAA,synthetic
9000013,9999999,9000013,3,4,2024-04-01,R,DEMO_HOME,DEMO_AWAY,single,hit_into_play,X,99.0,15.0,0.88,1.0,AAA,synthetic
9000014,9999999,9000014,1,1,2024-04-01,R,DEMO_HOME,DEMO_AWAY,,ball,S,,,,,AAA,synthetic
9000014,9999999,9000014,1,2,2024-04-01,R,DEMO_HOME,DEMO_AWAY,,ball,S,,,,,AAA,synthetic
9000014,9999999,9000014,1,3,2024-04-01,R,DEMO_HOME,DEMO_AWAY,,ball,S,,,,,AAA,synthetic
9000014,9999999,9000014,1,4,2024-04-01,R,DEMO_HOME,DEMO_AWAY,strikeout,swinging_strike,S,,,0.0,1.0,AAA,synthetic
9000014,9999999,9000014,2,1,2024-04-01,R,DEMO_HOME,DEMO_AWAY,,ball,B,,,,,AAA,synthetic
9000014,9999999,9000014,2,2,2024-04-01,R,DEMO_HOME,DEMO_AWAY,,ball,B,,,,,AAA,synthetic
9000014,9999999,9000014,2,3,2024-04-01,R,DEMO_HOME,DEMO_AWAY,,ball,B,,,,,AAA,synthetic
9000014,9999999,9000014,2,4,2024-04-01,R,DEMO_HOME,DEMO_AWAY,walk,ball,B,,,0.69,1.0,AAA,synthetic
9000014,9999999,9000014,3,1,2024-04-01,R,DEMO_HOME,DEMO_AWAY,,ball,B,,,,,AAA,synthetic
9000014,9999999,9000014,3,2,2024-04-01,R,DEMO_HOME,DEMO_AWAY,,ball,B,,,,,AAA,synthetic
9000014,9999999,9000014,3,3,2024-04-01,R,DEMO_HOME,DEMO_AWAY,,ball,B,,,,,AAA,synthetic
9000014,9999999,9000014,3,4,2024-04-01,R,DEMO_HOME,DEMO_AWAY,single,hit_into_play,X,99.0,15.0,0.88,1.0,AAA,synthetic
